File Submission ID,USER_ID,ENROLMENT_ACTIVITY_ID,File Submission Reviewed By Name,File Submission Note,File Submission Reviewed Date,File Submission Submitted Date,CLIENT_NAME,CLIENT_REGION
12,509,7863,,,,2024-02-01 00:33:41+00:00,guidedogs,SYD
23,38725,2974408,,,,2024-11-19 07:41:36+00:00,ndia,GOV
295,187,6846,,,,2025-02-03 05:12:14+00:00,ctst,SYD
20,1730,59996,,,,2024-04-04 20:10:44+00:00,melton,SYD
478,2719,156842,Catherine Spratley,Tyler 24/07,2025-07-23 22:48:52+00:00,2025-07-09 01:50:26+00:00,thepeloton,SYD
318,928,24641,Elizabeth Chondros,,2025-01-05 08:09:42+00:00,2024-12-29 22:43:06+00:00,yourcommunityhealth,SYD
264,161,19965,Elizabeth Chondros,,2024-11-28 04:09:27+00:00,2024-11-28 01:53:27+00:00,yourcommunityhealth,SYD
189,274,9120,Kimlie Jolliffe,,2025-01-02 00:45:45+00:00,2024-12-13 02:46:43+00:00,mambourin,SYD
48,1103,23582,Rebecca Robertson,,2023-08-03 22:40:59+00:00,2023-08-03 01:44:58+00:00,maiwel,SYD
376,492,24303,Catherine Relf,16/02/2025,2025-02-18 00:26:22+00:00,2025-02-16 04:28:20+00:00,maiwel,SYD
37,422,3256,Jamie HARVEY,wrong file upload,2024-06-20 22:42:46+00:00,2024-06-12 00:57:37+00:00,polymaster,SYD
7,132,145132,,,,2024-04-23 05:26:11+00:00,busways,SYD
506,2398,184304,Registered Nurse,Please resubmit with the assessor section filled in and signed. Thanks.,2025-03-17 01:01:25+00:00,2025-03-13 13:00:39+00:00,autism,SYD
414,844,37132,,,,2025-02-04 10:27:37+00:00,healthcareers,SYD
71,536,28,,,,2024-11-25 22:39:08+00:00,acumentis,SYD
385,179,53227,Katherine Gatley,,2024-04-30 02:36:11+00:00,2024-04-18 22:40:36+00:00,pwcs,SYD
411,176,57512,Katherine Gatley,,2024-04-30 02:35:09+00:00,2024-04-21 22:25:12+00:00,pwcs,SYD
946,227,53344,Katherine Gatley,,2025-03-17 23:30:39+00:00,2025-03-13 21:43:41+00:00,pwcs,SYD
430,230,53366,Katherine Gatley,,2024-04-30 02:30:32+00:00,2024-04-30 02:29:05+00:00,pwcs,SYD
20,457,1675,Nicky Randall,"Hi Giv, thanks for submitting! 
I am hesitant to approve your home work space as I feel we could work on making it more comfortable for you. My biggest concern is your neck and eye strain and the lack of a keyboard. As you are moving next month, I am going to take the time to work with Rebecca to figure out some recommendations for you and how CRV can potentially assist. Will you please send me a Teams message or email once you have shifted houses so I can get you to redo the assessment and provide some support. :) 
Thanks, 
Nicky QHSE.",2023-09-20 02:30:13+00:00,2023-09-18 01:36:25+00:00,crv,SYD
100,404,4806,Ellen Garratt,,2024-11-26 23:34:35+00:00,2024-11-26 23:30:25+00:00,hospitalresearch,SYD
190,297,4703,Ellen Garratt,,2025-08-14 02:12:11+00:00,2025-08-14 02:00:24+00:00,hospitalresearch,SYD
234,484,6582,Ellen Garratt,,2025-11-30 23:11:36+00:00,2025-11-30 23:07:06+00:00,hospitalresearch,SYD
184,885,6673,Olivia Kleeman,,2024-12-19 00:27:27+00:00,2024-12-19 00:16:16+00:00,ctst,SYD
32,248,930,Maree MORGAN,,2024-09-25 06:27:29+00:00,2024-09-25 06:05:02+00:00,djerriwarrh,SYD
